[
  {
    "model": "Event.event",
    "pk": 1,
    "fields": {
      "name": "Swimming Fun Event #1",
      "sport_type": "swimming",
      "description": "A friendly swimming event in Bekasi. Come join and enjoy the game!",
      "city": "Bekasi",
      "full_address": "Jl. Sport Center No.4, Bekasi",
      "google_maps_link": null,
      "entry_price": "89530.61",
      "activities": "Changing Room, Parking, First Aid",
      "rating": "3.82",
      "photo": null,
      "status": "available",
      "organizer": "0654fd39-2c99-442e-a104-dff938f26682",
      "created_at": "2025-10-21T07:28:02.716742",
      "updated_at": "2025-10-24T07:28:02.716756",
      "category": "Community Event"
    }
  },
  {
    "model": "Event.event",
    "pk": 2,
    "fields": {
      "name": "Swimming Fun Event #2",
      "sport_type": "swimming",
      "description": "A friendly swimming event in Jakarta. Come join and enjoy the game!",
      "city": "Jakarta",
      "full_address": "Jl. Sport Center No.90, Jakarta",
      "google_maps_link": null,
      "entry_price": "292199.61",
      "activities": "Toilet, Changing Room, Parking",
      "rating": "4.84",
      "photo": null,
      "status": "unavailable",
      "organizer": "2137bd35-44c0-4545-a117-2b6835381110",
      "created_at": "2025-09-26T07:28:02.716772",
      "updated_at": "2025-10-24T07:28:02.716776",
      "category": "Private Match"
    }
  },
  {
    "model": "Event.event",
    "pk": 3,
    "fields": {
      "name": "Paddle Fun Event #3",
      "sport_type": "paddle",
      "description": "A friendly paddle event in Bandung. Come join and enjoy the game!",
      "city": "Bandung",
      "full_address": "Jl. Sport Center No.31, Bandung",
      "google_maps_link": null,
      "entry_price": "93586.56",
      "activities": "CCTV, Security, Drinks Stall",
      "rating": "3.94",
      "photo": null,
      "status": "available",
      "organizer": "e8e807b1-32ab-43c9-abc5-b0805de203f1",
      "created_at": "2025-09-03T07:28:02.716789",
      "updated_at": "2025-10-24T07:28:02.716792",
      "category": "Charity"
    }
  },
  {
    "model": "Event.event",
    "pk": 4,
    "fields": {
      "name": "Tennis Fun Event #4",
      "sport_type": "tennis",
      "description": "A friendly tennis event in Bandung. Come join and enjoy the game!",
      "city": "Bandung",
      "full_address": "Jl. Sport Center No.17, Bandung",
      "google_maps_link": null,
      "entry_price": "335644.15",
      "activities": "Showers, Locker, Parking",
      "rating": "4.51",
      "photo": null,
      "status": "unavailable",
      "organizer": "d1146444-6633-4b06-8069-d57a78195b6d",
      "created_at": "2025-10-03T07:28:02.716804",
      "updated_at": "2025-10-24T07:28:02.716808",
      "category": "Private Match"
    }
  },
  {
    "model": "Event.event",
    "pk": 5,
    "fields": {
      "name": "Tennis Fun Event #5",
      "sport_type": "tennis",
      "description": "A friendly tennis event in Jakarta. Come join and enjoy the game!",
      "city": "Jakarta",
      "full_address": "Jl. Sport Center No.60, Jakarta",
      "google_maps_link": null,
      "entry_price": "153753.5",
      "activities": "Canteen, Showers, Locker",
      "rating": "3.96",
      "photo": null,
      "status": "available",
      "organizer": "dc9496d9-50c4-4ee8-8df6-def5e6b119ed",
      "created_at": "2025-09-15T07:28:02.716820",
      "updated_at": "2025-10-24T07:28:02.716823",
      "category": "Private Match"
    }
  },
  {
    "model": "Event.event",
    "pk": 6,
    "fields": {
      "name": "Soccer Fun Event #6",
      "sport_type": "soccer",
      "description": "A friendly soccer event in Bekasi. Come join and enjoy the game!",
      "city": "Bekasi",
      "full_address": "Jl. Sport Center No.81, Bekasi",
      "google_maps_link": null,
      "entry_price": "390530.35",
      "activities": "CCTV, Security, Drinks Stall",
      "rating": "4.92",
      "photo": null,
      "status": "unavailable",
      "organizer": "a9a55e89-a76e-46f0-9b31-0bbf38698917",
      "created_at": "2025-10-07T07:28:02.716834",
      "updated_at": "2025-10-24T07:28:02.716837",
      "category": "Training"
    }
  },
  {
    "model": "Event.event",
    "pk": 7,
    "fields": {
      "name": "Table_Tennis Fun Event #7",
      "sport_type": "table_tennis",
      "description": "A friendly table_tennis event in Denpasar. Come join and enjoy the game!",
      "city": "Denpasar",
      "full_address": "Jl. Sport Center No.38, Denpasar",
      "google_maps_link": null,
      "entry_price": "320589.89",
      "activities": "Changing Room, Parking, First Aid",
      "rating": "4.12",
      "photo": null,
      "status": "available",
      "organizer": "00ac1c10-0f02-47a8-8263-72410deb5622",
      "created_at": "2025-10-22T07:28:02.716848",
      "updated_at": "2025-10-24T07:28:02.716851",
      "category": "Charity"
    }
  },
  {
    "model": "Event.event",
    "pk": 8,
    "fields": {
      "name": "Volleyball Fun Event #8",
      "sport_type": "volleyball",
      "description": "A friendly volleyball event in Denpasar. Come join and enjoy the game!",
      "city": "Denpasar",
      "full_address": "Jl. Sport Center No.4, Denpasar",
      "google_maps_link": null,
      "entry_price": "198817.43",
      "activities": "Canteen, Showers, Locker",
      "rating": "4.08",
      "photo": null,
      "status": "unavailable",
      "organizer": "b4160e6f-47a6-4594-9393-54b11329b3e2",
      "created_at": "2025-09-04T07:28:02.716868",
      "updated_at": "2025-10-24T07:28:02.716872",
      "category": "Community Event"
    }
  },
  {
    "model": "Event.event",
    "pk": 9,
    "fields": {
      "name": "Table_Tennis Fun Event #9",
      "sport_type": "table_tennis",
      "description": "A friendly table_tennis event in Depok. Come join and enjoy the game!",
      "city": "Depok",
      "full_address": "Jl. Sport Center No.51, Depok",
      "google_maps_link": null,
      "entry_price": "90890.45",
      "activities": "Canteen, Showers, Locker",
      "rating": "4.66",
      "photo": null,
      "status": "available",
      "organizer": "f002a650-5566-44f7-8ec2-d36664ac9b5e",
      "created_at": "2025-09-29T07:28:02.716888",
      "updated_at": "2025-10-24T07:28:02.716894",
      "category": "Training"
    }
  },
  {
    "model": "Event.event",
    "pk": 10,
    "fields": {
      "name": "Badminton Fun Event #10",
      "sport_type": "badminton",
      "description": "A friendly badminton event in Surabaya. Come join and enjoy the game!",
      "city": "Surabaya",
      "full_address": "Jl. Sport Center No.16, Surabaya",
      "google_maps_link": null,
      "entry_price": "167530.3",
      "activities": "Canteen, Showers, Locker",
      "rating": "4.16",
      "photo": null,
      "status": "available",
      "organizer": "ddeb3735-ab4f-4925-b089-98bedc6c9756",
      "created_at": "2025-10-04T07:28:02.716912",
      "updated_at": "2025-10-24T07:28:02.716918",
      "category": "Training"
    }
  },
  {
    "model": "Event.event",
    "pk": 11,
    "fields": {
      "name": "Swimming Fun Event #11",
      "sport_type": "swimming",
      "description": "A friendly swimming event in Jakarta. Come join and enjoy the game!",
      "city": "Jakarta",
      "full_address": "Jl. Sport Center No.95, Jakarta",
      "google_maps_link": null,
      "entry_price": "271015.16",
      "activities": "Lighting, Spectator Seats",
      "rating": "4.01",
      "photo": null,
      "status": "unavailable",
      "organizer": "2137bd35-44c0-4545-a117-2b6835381110",
      "created_at": "2025-10-03T07:28:02.716938",
      "updated_at": "2025-10-24T07:28:02.716942",
      "category": "Private Match"
    }
  },
  {
    "model": "Event.event",
    "pk": 12,
    "fields": {
      "name": "Badminton Fun Event #12",
      "sport_type": "badminton",
      "description": "A friendly badminton event in Jakarta. Come join and enjoy the game!",
      "city": "Jakarta",
      "full_address": "Jl. Sport Center No.73, Jakarta",
      "google_maps_link": null,
      "entry_price": "433868.44",
      "activities": "Lighting, Spectator Seats",
      "rating": "4.89",
      "photo": null,
      "status": "available",
      "organizer": "1f68bd25-017f-4782-b203-3b760d837a3a",
      "created_at": "2025-09-26T07:28:02.716953",
      "updated_at": "2025-10-24T07:28:02.716956",
      "category": "Competition"
    }
  },
  {
    "model": "Event.event",
    "pk": 13,
    "fields": {
      "name": "Swimming Fun Event #13",
      "sport_type": "swimming",
      "description": "A friendly swimming event in Jakarta. Come join and enjoy the game!",
      "city": "Jakarta",
      "full_address": "Jl. Sport Center No.7, Jakarta",
      "google_maps_link": null,
      "entry_price": "118707.53",
      "activities": "Showers, Locker, Parking",
      "rating": "4.36",
      "photo": null,
      "status": "available",
      "organizer": "91413b85-fa82-4503-af2b-9cae0c22b01c",
      "created_at": "2025-09-10T07:28:02.716966",
      "updated_at": "2025-10-24T07:28:02.716969",
      "category": "Community Event"
    }
  },
  {
    "model": "Event.event",
    "pk": 14,
    "fields": {
      "name": "Swimming Fun Event #14",
      "sport_type": "swimming",
      "description": "A friendly swimming event in Surabaya. Come join and enjoy the game!",
      "city": "Surabaya",
      "full_address": "Jl. Sport Center No.18, Surabaya",
      "google_maps_link": null,
      "entry_price": "179707.76",
      "activities": "Canteen, Showers, Locker",
      "rating": "3.8",
      "photo": null,
      "status": "available",
      "organizer": "65d8e4a9-25a6-4cd3-aa99-fff2eaa7128a",
      "created_at": "2025-10-01T07:28:02.716980",
      "updated_at": "2025-10-24T07:28:02.716983",
      "category": "Private Match"
    }
  },
  {
    "model": "Event.event",
    "pk": 15,
    "fields": {
      "name": "Tennis Fun Event #15",
      "sport_type": "tennis",
      "description": "A friendly tennis event in Yogyakarta. Come join and enjoy the game!",
      "city": "Yogyakarta",
      "full_address": "Jl. Sport Center No.95, Yogyakarta",
      "google_maps_link": null,
      "entry_price": "234889.49",
      "activities": "Toilet, Changing Room, Parking",
      "rating": "4.84",
      "photo": null,
      "status": "available",
      "organizer": "b1cd0140-c9dd-4e32-82bd-5525c290b515",
      "created_at": "2025-09-14T07:28:02.716994",
      "updated_at": "2025-10-24T07:28:02.716997",
      "category": "Charity"
    }
  },
  {
    "model": "Event.event",
    "pk": 16,
    "fields": {
      "name": "Badminton Fun Event #16",
      "sport_type": "badminton",
      "description": "A friendly badminton event in Jakarta. Come join and enjoy the game!",
      "city": "Jakarta",
      "full_address": "Jl. Sport Center No.22, Jakarta",
      "google_maps_link": null,
      "entry_price": "490061.5",
      "activities": "Lighting, Spectator Seats",
      "rating": "3.85",
      "photo": null,
      "status": "available",
      "organizer": "5c68a2b9-f957-4527-92f3-ccb14c2561b7",
      "created_at": "2025-10-03T07:28:02.717007",
      "updated_at": "2025-10-24T07:28:02.717010",
      "category": "Training"
    }
  },
  {
    "model": "Event.event",
    "pk": 17,
    "fields": {
      "name": "Swimming Fun Event #17",
      "sport_type": "swimming",
      "description": "A friendly swimming event in Bandung. Come join and enjoy the game!",
      "city": "Bandung",
      "full_address": "Jl. Sport Center No.97, Bandung",
      "google_maps_link": null,
      "entry_price": "315892.09",
      "activities": "CCTV, Security, Drinks Stall",
      "rating": "4.78",
      "photo": null,
      "status": "available",
      "organizer": "5c68a2b9-f957-4527-92f3-ccb14c2561b7",
      "created_at": "2025-09-19T07:28:02.717020",
      "updated_at": "2025-10-24T07:28:02.717023",
      "category": "Competition"
    }
  },
  {
    "model": "Event.event",
    "pk": 18,
    "fields": {
      "name": "Volleyball Fun Event #18",
      "sport_type": "volleyball",
      "description": "A friendly volleyball event in Bandung. Come join and enjoy the game!",
      "city": "Bandung",
      "full_address": "Jl. Sport Center No.2, Bandung",
      "google_maps_link": null,
      "entry_price": "411215.99",
      "activities": "Toilet, Changing Room, Parking",
      "rating": "3.51",
      "photo": null,
      "status": "available",
      "organizer": "b9c12521-a299-4939-a356-c16486558d66",
      "created_at": "2025-10-21T07:28:02.717033",
      "updated_at": "2025-10-24T07:28:02.717036",
      "category": "Charity"
    }
  },
  {
    "model": "Event.event",
    "pk": 19,
    "fields": {
      "name": "Soccer Fun Event #19",
      "sport_type": "soccer",
      "description": "A friendly soccer event in Depok. Come join and enjoy the game!",
      "city": "Depok",
      "full_address": "Jl. Sport Center No.66, Depok",
      "google_maps_link": null,
      "entry_price": "329724.9",
      "activities": "Toilet, Changing Room, Parking",
      "rating": "3.27",
      "photo": null,
      "status": "available",
      "organizer": "81425e76-5651-415e-bcdf-88e24bbfdc75",
      "created_at": "2025-10-06T07:28:02.717049",
      "updated_at": "2025-10-24T07:28:02.717055",
      "category": "Private Match"
    }
  },
  {
    "model": "Event.event",
    "pk": 20,
    "fields": {
      "name": "Basketball Fun Event #20",
      "sport_type": "basketball",
      "description": "A friendly basketball event in Depok. Come join and enjoy the game!",
      "city": "Depok",
      "full_address": "Jl. Sport Center No.14, Depok",
      "google_maps_link": null,
      "entry_price": "386854.58",
      "activities": "Showers, Locker, Parking",
      "rating": "4.38",
      "photo": null,
      "status": "available",
      "organizer": "be53a2c4-d676-499b-ad39-4b1c962cc4b1",
      "created_at": "2025-09-22T07:28:02.717071",
      "updated_at": "2025-10-24T07:28:02.717076",
      "category": "Community Event"
    }
  },
  {
    "model": "Event.event",
    "pk": 21,
    "fields": {
      "name": "Basketball Fun Event #21",
      "sport_type": "basketball",
      "description": "A friendly basketball event in Medan. Come join and enjoy the game!",
      "city": "Medan",
      "full_address": "Jl. Sport Center No.71, Medan",
      "google_maps_link": null,
      "entry_price": "360039.7",
      "activities": "Changing Room, Parking, First Aid",
      "rating": "4.2",
      "photo": null,
      "status": "available",
      "organizer": "8c59104f-448a-496b-8d72-b6c3870b950e",
      "created_at": "2025-10-05T07:28:02.717089",
      "updated_at": "2025-10-24T07:28:02.717092",
      "category": "Competition"
    }
  },
  {
    "model": "Event.event",
    "pk": 22,
    "fields": {
      "name": "Tennis Fun Event #22",
      "sport_type": "tennis",
      "description": "A friendly tennis event in Medan. Come join and enjoy the game!",
      "city": "Medan",
      "full_address": "Jl. Sport Center No.65, Medan",
      "google_maps_link": null,
      "entry_price": "450541.0",
      "activities": "Changing Room, Parking, First Aid",
      "rating": "4.02",
      "photo": null,
      "status": "available",
      "organizer": "57cd45a5-35fd-4172-829c-034cbcbb8fb1",
      "created_at": "2025-09-13T07:28:02.717104",
      "updated_at": "2025-10-24T07:28:02.717107",
      "category": "Community Event"
    }
  },
  {
    "model": "Event.event",
    "pk": 23,
    "fields": {
      "name": "Paddle Fun Event #23",
      "sport_type": "paddle",
      "description": "A friendly paddle event in Yogyakarta. Come join and enjoy the game!",
      "city": "Yogyakarta",
      "full_address": "Jl. Sport Center No.38, Yogyakarta",
      "google_maps_link": null,
      "entry_price": "406894.2",
      "activities": "CCTV, Security, Drinks Stall",
      "rating": "4.17",
      "photo": null,
      "status": "available",
      "organizer": "1271c979-922f-45e6-b4df-f7fa4d283e70",
      "created_at": "2025-09-22T07:28:02.717118",
      "updated_at": "2025-10-24T07:28:02.717121",
      "category": "Private Match"
    }
  },
  {
    "model": "Event.event",
    "pk": 24,
    "fields": {
      "name": "Basketball Fun Event #24",
      "sport_type": "basketball",
      "description": "A friendly basketball event in Jakarta. Come join and enjoy the game!",
      "city": "Jakarta",
      "full_address": "Jl. Sport Center No.39, Jakarta",
      "google_maps_link": null,
      "entry_price": "469525.77",
      "activities": "Lighting, Spectator Seats",
      "rating": "3.73",
      "photo": null,
      "status": "available",
      "organizer": "5b307a42-dca4-40e7-860a-81464acd8ee0",
      "created_at": "2025-09-10T07:28:02.717130",
      "updated_at": "2025-10-24T07:28:02.717134",
      "category": "Training"
    }
  },
  {
    "model": "Event.event",
    "pk": 25,
    "fields": {
      "name": "Table_Tennis Fun Event #25",
      "sport_type": "table_tennis",
      "description": "A friendly table_tennis event in Yogyakarta. Come join and enjoy the game!",
      "city": "Yogyakarta",
      "full_address": "Jl. Sport Center No.82, Yogyakarta",
      "google_maps_link": null,
      "entry_price": "190744.88",
      "activities": "Toilet, Changing Room, Parking",
      "rating": "3.8",
      "photo": null,
      "status": "available",
      "organizer": "2a74759f-28fc-4c3d-a3fb-47ffed1132d3",
      "created_at": "2025-09-28T07:28:02.717145",
      "updated_at": "2025-10-24T07:28:02.717150",
      "category": "Charity"
    }
  },
  {
    "model": "Event.event",
    "pk": 26,
    "fields": {
      "name": "Swimming Fun Event #26",
      "sport_type": "swimming",
      "description": "A friendly swimming event in Depok. Come join and enjoy the game!",
      "city": "Depok",
      "full_address": "Jl. Sport Center No.71, Depok",
      "google_maps_link": null,
      "entry_price": "463894.99",
      "activities": "Showers, Locker, Parking",
      "rating": "3.36",
      "photo": null,
      "status": "available",
      "organizer": "57cd45a5-35fd-4172-829c-034cbcbb8fb1",
      "created_at": "2025-09-14T07:28:02.717166",
      "updated_at": "2025-10-24T07:28:02.717171",
      "category": "Training"
    }
  },
  {
    "model": "Event.event",
    "pk": 27,
    "fields": {
      "name": "Futsal Fun Event #27",
      "sport_type": "futsal",
      "description": "A friendly futsal event in Medan. Come join and enjoy the game!",
      "city": "Medan",
      "full_address": "Jl. Sport Center No.69, Medan",
      "google_maps_link": null,
      "entry_price": "102984.3",
      "activities": "Showers, Locker, Parking",
      "rating": "4.27",
      "photo": null,
      "status": "available",
      "organizer": "b9c12521-a299-4939-a356-c16486558d66",
      "created_at": "2025-10-18T07:28:02.717191",
      "updated_at": "2025-10-24T07:28:02.717195",
      "category": "Community Event"
    }
  },
  {
    "model": "Event.event",
    "pk": 28,
    "fields": {
      "name": "Basketball Fun Event #28",
      "sport_type": "basketball",
      "description": "A friendly basketball event in Yogyakarta. Come join and enjoy the game!",
      "city": "Yogyakarta",
      "full_address": "Jl. Sport Center No.82, Yogyakarta",
      "google_maps_link": null,
      "entry_price": "468294.19",
      "activities": "Showers, Locker, Parking",
      "rating": "3.75",
      "photo": null,
      "status": "unavailable",
      "organizer": "9db5cf83-f527-473a-8513-7fc5b7d871c4",
      "created_at": "2025-10-08T07:28:02.717211",
      "updated_at": "2025-10-24T07:28:02.717216",
      "category": "Training"
    }
  },
  {
    "model": "Event.event",
    "pk": 29,
    "fields": {
      "name": "Badminton Fun Event #29",
      "sport_type": "badminton",
      "description": "A friendly badminton event in Bandung. Come join and enjoy the game!",
      "city": "Bandung",
      "full_address": "Jl. Sport Center No.68, Bandung",
      "google_maps_link": null,
      "entry_price": "356623.9",
      "activities": "Changing Room, Parking, First Aid",
      "rating": "4.0",
      "photo": null,
      "status": "available",
      "organizer": "07d311cc-9050-49c3-aefd-5e5645deac3d",
      "created_at": "2025-09-08T07:28:02.717241",
      "updated_at": "2025-10-24T07:28:02.717245",
      "category": "Training"
    }
  },
  {
    "model": "Event.event",
    "pk": 30,
    "fields": {
      "name": "Volleyball Fun Event #30",
      "sport_type": "volleyball",
      "description": "A friendly volleyball event in Bogor. Come join and enjoy the game!",
      "city": "Bogor",
      "full_address": "Jl. Sport Center No.4, Bogor",
      "google_maps_link": null,
      "entry_price": "210461.22",
      "activities": "Lighting, Spectator Seats",
      "rating": "4.27",
      "photo": null,
      "status": "unavailable",
      "organizer": "024635b7-b2fa-4e83-a9bc-3b954f38a889",
      "created_at": "2025-10-14T07:28:02.717256",
      "updated_at": "2025-10-24T07:28:02.717259",
      "category": "Community Event"
    }
  },
  {
    "model": "Event.event",
    "pk": 31,
    "fields": {
      "name": "Paddle Fun Event #31",
      "sport_type": "paddle",
      "description": "A friendly paddle event in Denpasar. Come join and enjoy the game!",
      "city": "Denpasar",
      "full_address": "Jl. Sport Center No.53, Denpasar",
      "google_maps_link": null,
      "entry_price": "401122.97",
      "activities": "Changing Room, Parking, First Aid",
      "rating": "4.64",
      "photo": null,
      "status": "unavailable",
      "organizer": "922c8e67-8505-427b-b466-816c09f4d3f6",
      "created_at": "2025-10-12T07:28:02.717269",
      "updated_at": "2025-10-24T07:28:02.717272",
      "category": "Competition"
    }
  },
  {
    "model": "Event.event",
    "pk": 32,
    "fields": {
      "name": "Table_Tennis Fun Event #32",
      "sport_type": "table_tennis",
      "description": "A friendly table_tennis event in Denpasar. Come join and enjoy the game!",
      "city": "Denpasar",
      "full_address": "Jl. Sport Center No.2, Denpasar",
      "google_maps_link": null,
      "entry_price": "441516.0",
      "activities": "Lighting, Spectator Seats",
      "rating": "3.89",
      "photo": null,
      "status": "available",
      "organizer": "49ca7cba-0967-4552-897e-ca50ce40be2e",
      "created_at": "2025-10-13T07:28:02.717282",
      "updated_at": "2025-10-24T07:28:02.717285",
      "category": "Training"
    }
  },
  {
    "model": "Event.event",
    "pk": 33,
    "fields": {
      "name": "Basketball Fun Event #33",
      "sport_type": "basketball",
      "description": "A friendly basketball event in Depok. Come join and enjoy the game!",
      "city": "Depok",
      "full_address": "Jl. Sport Center No.38, Depok",
      "google_maps_link": null,
      "entry_price": "463269.28",
      "activities": "CCTV, Security, Drinks Stall",
      "rating": "3.21",
      "photo": null,
      "status": "available",
      "organizer": "9db5cf83-f527-473a-8513-7fc5b7d871c4",
      "created_at": "2025-10-04T07:28:02.717295",
      "updated_at": "2025-10-24T07:28:02.717298",
      "category": "Community Event"
    }
  },
  {
    "model": "Event.event",
    "pk": 34,
    "fields": {
      "name": "Tennis Fun Event #34",
      "sport_type": "tennis",
      "description": "A friendly tennis event in Denpasar. Come join and enjoy the game!",
      "city": "Denpasar",
      "full_address": "Jl. Sport Center No.68, Denpasar",
      "google_maps_link": null,
      "entry_price": "110672.62",
      "activities": "CCTV, Security, Drinks Stall",
      "rating": "3.32",
      "photo": null,
      "status": "unavailable",
      "organizer": "bc3f178d-51f4-4eea-ba3f-6f88c722875c",
      "created_at": "2025-09-05T07:28:02.717308",
      "updated_at": "2025-10-24T07:28:02.717312",
      "category": "Private Match"
    }
  },
  {
    "model": "Event.event",
    "pk": 35,
    "fields": {
      "name": "Table_Tennis Fun Event #35",
      "sport_type": "table_tennis",
      "description": "A friendly table_tennis event in Denpasar. Come join and enjoy the game!",
      "city": "Denpasar",
      "full_address": "Jl. Sport Center No.88, Denpasar",
      "google_maps_link": null,
      "entry_price": "264395.3",
      "activities": "Toilet, Changing Room, Parking",
      "rating": "3.26",
      "photo": null,
      "status": "available",
      "organizer": "5c85725d-5779-438b-96ea-bd359afbf270",
      "created_at": "2025-10-13T07:28:02.717321",
      "updated_at": "2025-10-24T07:28:02.717324",
      "category": "Charity"
    }
  },
  {
    "model": "Event.event",
    "pk": 36,
    "fields": {
      "name": "Badminton Fun Event #36",
      "sport_type": "badminton",
      "description": "A friendly badminton event in Depok. Come join and enjoy the game!",
      "city": "Depok",
      "full_address": "Jl. Sport Center No.5, Depok",
      "google_maps_link": null,
      "entry_price": "167860.65",
      "activities": "Showers, Locker, Parking",
      "rating": "4.66",
      "photo": null,
      "status": "available",
      "organizer": "a5146f4b-fe97-4c5f-adf3-4bbb29637505",
      "created_at": "2025-09-18T07:28:02.717334",
      "updated_at": "2025-10-24T07:28:02.717337",
      "category": "Competition"
    }
  },
  {
    "model": "Event.event",
    "pk": 37,
    "fields": {
      "name": "Futsal Fun Event #37",
      "sport_type": "futsal",
      "description": "A friendly futsal event in Surabaya. Come join and enjoy the game!",
      "city": "Surabaya",
      "full_address": "Jl. Sport Center No.28, Surabaya",
      "google_maps_link": null,
      "entry_price": "90649.03",
      "activities": "Showers, Locker, Parking",
      "rating": "3.2",
      "photo": null,
      "status": "unavailable",
      "organizer": "c5e93169-2084-4f3d-81ba-df4937a4a0b4",
      "created_at": "2025-10-03T07:28:02.717347",
      "updated_at": "2025-10-24T07:28:02.717350",
      "category": "Private Match"
    }
  },
  {
    "model": "Event.event",
    "pk": 38,
    "fields": {
      "name": "Futsal Fun Event #38",
      "sport_type": "futsal",
      "description": "A friendly futsal event in Jakarta. Come join and enjoy the game!",
      "city": "Jakarta",
      "full_address": "Jl. Sport Center No.98, Jakarta",
      "google_maps_link": null,
      "entry_price": "317412.37",
      "activities": "Showers, Locker, Parking",
      "rating": "3.3",
      "photo": null,
      "status": "available",
      "organizer": "1271c979-922f-45e6-b4df-f7fa4d283e70",
      "created_at": "2025-10-17T07:28:02.717360",
      "updated_at": "2025-10-24T07:28:02.717363",
      "category": "Private Match"
    }
  },
  {
    "model": "Event.event",
    "pk": 39,
    "fields": {
      "name": "Volleyball Fun Event #39",
      "sport_type": "volleyball",
      "description": "A friendly volleyball event in Bekasi. Come join and enjoy the game!",
      "city": "Bekasi",
      "full_address": "Jl. Sport Center No.87, Bekasi",
      "google_maps_link": null,
      "entry_price": "252283.39",
      "activities": "Toilet, Changing Room, Parking",
      "rating": "4.53",
      "photo": null,
      "status": "available",
      "organizer": "8c427c0f-b0a0-4c3f-9195-ece06d6248bc",
      "created_at": "2025-08-27T07:28:02.717374",
      "updated_at": "2025-10-24T07:28:02.717377",
      "category": "Community Event"
    }
  },
  {
    "model": "Event.event",
    "pk": 40,
    "fields": {
      "name": "Table_Tennis Fun Event #40",
      "sport_type": "table_tennis",
      "description": "A friendly table_tennis event in Bekasi. Come join and enjoy the game!",
      "city": "Bekasi",
      "full_address": "Jl. Sport Center No.79, Bekasi",
      "google_maps_link": null,
      "entry_price": "368188.27",
      "activities": "Showers, Locker, Parking",
      "rating": "4.97",
      "photo": null,
      "status": "available",
      "organizer": "86cc918c-508d-4355-88ca-eb4a9c625b8d",
      "created_at": "2025-09-18T07:28:02.717387",
      "updated_at": "2025-10-24T07:28:02.717390",
      "category": "Community Event"
    }
  },
  {
    "model": "Event.event",
    "pk": 41,
    "fields": {
      "name": "Volleyball Fun Event #41",
      "sport_type": "volleyball",
      "description": "A friendly volleyball event in Bekasi. Come join and enjoy the game!",
      "city": "Bekasi",
      "full_address": "Jl. Sport Center No.71, Bekasi",
      "google_maps_link": null,
      "entry_price": "461784.05",
      "activities": "Lighting, Spectator Seats",
      "rating": "3.82",
      "photo": null,
      "status": "available",
      "organizer": "9ae5e8d6-df75-45b4-8fc4-c30c1f095ee7",
      "created_at": "2025-10-13T07:28:02.717401",
      "updated_at": "2025-10-24T07:28:02.717406",
      "category": "Community Event"
    }
  },
  {
    "model": "Event.event",
    "pk": 42,
    "fields": {
      "name": "Basketball Fun Event #42",
      "sport_type": "basketball",
      "description": "A friendly basketball event in Bogor. Come join and enjoy the game!",
      "city": "Bogor",
      "full_address": "Jl. Sport Center No.90, Bogor",
      "google_maps_link": null,
      "entry_price": "373940.64",
      "activities": "Toilet, Changing Room, Parking",
      "rating": "4.55",
      "photo": null,
      "status": "available",
      "organizer": "75d348c2-5fa8-4e74-9f61-cfc71854ab35",
      "created_at": "2025-10-21T07:28:02.717422",
      "updated_at": "2025-10-24T07:28:02.717429",
      "category": "Competition"
    }
  },
  {
    "model": "Event.event",
    "pk": 43,
    "fields": {
      "name": "Futsal Fun Event #43",
      "sport_type": "futsal",
      "description": "A friendly futsal event in Yogyakarta. Come join and enjoy the game!",
      "city": "Yogyakarta",
      "full_address": "Jl. Sport Center No.42, Yogyakarta",
      "google_maps_link": null,
      "entry_price": "128750.54",
      "activities": "Showers, Locker, Parking",
      "rating": "3.33",
      "photo": null,
      "status": "available",
      "organizer": "03547844-cc31-4f11-829b-da81f7497204",
      "created_at": "2025-10-19T07:28:02.717451",
      "updated_at": "2025-10-24T07:28:02.717454",
      "category": "Competition"
    }
  },
  {
    "model": "Event.event",
    "pk": 44,
    "fields": {
      "name": "Badminton Fun Event #44",
      "sport_type": "badminton",
      "description": "A friendly badminton event in Bandung. Come join and enjoy the game!",
      "city": "Bandung",
      "full_address": "Jl. Sport Center No.33, Bandung",
      "google_maps_link": null,
      "entry_price": "488801.33",
      "activities": "Toilet, Changing Room, Parking",
      "rating": "4.38",
      "photo": null,
      "status": "unavailable",
      "organizer": "bc3f178d-51f4-4eea-ba3f-6f88c722875c",
      "created_at": "2025-09-29T07:28:02.717464",
      "updated_at": "2025-10-24T07:28:02.717467",
      "category": "Training"
    }
  },
  {
    "model": "Event.event",
    "pk": 45,
    "fields": {
      "name": "Tennis Fun Event #45",
      "sport_type": "tennis",
      "description": "A friendly tennis event in Yogyakarta. Come join and enjoy the game!",
      "city": "Yogyakarta",
      "full_address": "Jl. Sport Center No.68, Yogyakarta",
      "google_maps_link": null,
      "entry_price": "329159.15",
      "activities": "CCTV, Security, Drinks Stall",
      "rating": "3.85",
      "photo": null,
      "status": "available",
      "organizer": "7c873c74-18bf-42c4-9515-f12834eb51e8",
      "created_at": "2025-10-07T07:28:02.717477",
      "updated_at": "2025-10-24T07:28:02.717480",
      "category": "Community Event"
    }
  },
  {
    "model": "Event.event",
    "pk": 46,
    "fields": {
      "name": "Soccer Fun Event #46",
      "sport_type": "soccer",
      "description": "A friendly soccer event in Bekasi. Come join and enjoy the game!",
      "city": "Bekasi",
      "full_address": "Jl. Sport Center No.92, Bekasi",
      "google_maps_link": null,
      "entry_price": "204616.86",
      "activities": "CCTV, Security, Drinks Stall",
      "rating": "3.11",
      "photo": null,
      "status": "available",
      "organizer": "81425e76-5651-415e-bcdf-88e24bbfdc75",
      "created_at": "2025-09-17T07:28:02.717491",
      "updated_at": "2025-10-24T07:28:02.717494",
      "category": "Charity"
    }
  },
  {
    "model": "Event.event",
    "pk": 47,
    "fields": {
      "name": "Swimming Fun Event #47",
      "sport_type": "swimming",
      "description": "A friendly swimming event in Bekasi. Come join and enjoy the game!",
      "city": "Bekasi",
      "full_address": "Jl. Sport Center No.57, Bekasi",
      "google_maps_link": null,
      "entry_price": "194885.3",
      "activities": "Canteen, Showers, Locker",
      "rating": "3.11",
      "photo": null,
      "status": "unavailable",
      "organizer": "be539eb2-eb0e-4cd5-a560-0f2ad0b9a460",
      "created_at": "2025-09-07T07:28:02.717504",
      "updated_at": "2025-10-24T07:28:02.717507",
      "category": "Training"
    }
  },
  {
    "model": "Event.event",
    "pk": 48,
    "fields": {
      "name": "Futsal Fun Event #48",
      "sport_type": "futsal",
      "description": "A friendly futsal event in Bekasi. Come join and enjoy the game!",
      "city": "Bekasi",
      "full_address": "Jl. Sport Center No.85, Bekasi",
      "google_maps_link": null,
      "entry_price": "280689.39",
      "activities": "Lighting, Spectator Seats",
      "rating": "4.3",
      "photo": null,
      "status": "available",
      "organizer": "75d348c2-5fa8-4e74-9f61-cfc71854ab35",
      "created_at": "2025-09-06T07:28:02.717516",
      "updated_at": "2025-10-24T07:28:02.717519",
      "category": "Competition"
    }
  },
  {
    "model": "Event.event",
    "pk": 49,
    "fields": {
      "name": "Basketball Fun Event #49",
      "sport_type": "basketball",
      "description": "A friendly basketball event in Bandung. Come join and enjoy the game!",
      "city": "Bandung",
      "full_address": "Jl. Sport Center No.95, Bandung",
      "google_maps_link": null,
      "entry_price": "465939.69",
      "activities": "CCTV, Security, Drinks Stall",
      "rating": "3.31",
      "photo": null,
      "status": "available",
      "organizer": "bc3f178d-51f4-4eea-ba3f-6f88c722875c",
      "created_at": "2025-10-05T07:28:02.717531",
      "updated_at": "2025-10-24T07:28:02.717534",
      "category": "Community Event"
    }
  },
  {
    "model": "Event.event",
    "pk": 50,
    "fields": {
      "name": "Table_Tennis Fun Event #50",
      "sport_type": "table_tennis",
      "description": "A friendly table_tennis event in Jakarta. Come join and enjoy the game!",
      "city": "Jakarta",
      "full_address": "Jl. Sport Center No.74, Jakarta",
      "google_maps_link": null,
      "entry_price": "212499.31",
      "activities": "Showers, Locker, Parking",
      "rating": "4.0",
      "photo": null,
      "status": "available",
      "organizer": "572b081b-2ecf-4455-b8bc-c9813414c65c",
      "created_at": "2025-10-01T07:28:02.717546",
      "updated_at": "2025-10-24T07:28:02.717549",
      "category": "Training"
    }
  },
  {
    "model": "Event.event",
    "pk": 51,
    "fields": {
      "name": "Swimming Fun Event #51",
      "sport_type": "swimming",
      "description": "A friendly swimming event in Denpasar. Come join and enjoy the game!",
      "city": "Denpasar",
      "full_address": "Jl. Sport Center No.81, Denpasar",
      "google_maps_link": null,
      "entry_price": "142195.53",
      "activities": "Lighting, Spectator Seats",
      "rating": "3.23",
      "photo": null,
      "status": "unavailable",
      "organizer": "2a983975-2008-4fe4-a781-8fa9f7a80b2c",
      "created_at": "2025-10-21T07:28:02.717559",
      "updated_at": "2025-10-24T07:28:02.717562",
      "category": "Charity"
    }
  },
  {
    "model": "Event.event",
    "pk": 52,
    "fields": {
      "name": "Basketball Fun Event #52",
      "sport_type": "basketball",
      "description": "A friendly basketball event in Depok. Come join and enjoy the game!",
      "city": "Depok",
      "full_address": "Jl. Sport Center No.98, Depok",
      "google_maps_link": null,
      "entry_price": "201445.22",
      "activities": "Changing Room, Parking, First Aid",
      "rating": "4.43",
      "photo": null,
      "status": "available",
      "organizer": "dc9496d9-50c4-4ee8-8df6-def5e6b119ed",
      "created_at": "2025-09-23T07:28:02.717572",
      "updated_at": "2025-10-24T07:28:02.717575",
      "category": "Community Event"
    }
  },
  {
    "model": "Event.event",
    "pk": 53,
    "fields": {
      "name": "Badminton Fun Event #53",
      "sport_type": "badminton",
      "description": "A friendly badminton event in Surabaya. Come join and enjoy the game!",
      "city": "Surabaya",
      "full_address": "Jl. Sport Center No.95, Surabaya",
      "google_maps_link": null,
      "entry_price": "462261.62",
      "activities": "Changing Room, Parking, First Aid",
      "rating": "3.35",
      "photo": null,
      "status": "available",
      "organizer": "ddd774d7-6a4e-4ade-9486-1ef77a6b5704",
      "created_at": "2025-09-14T07:28:02.717585",
      "updated_at": "2025-10-24T07:28:02.717588",
      "category": "Charity"
    }
  },
  {
    "model": "Event.event",
    "pk": 54,
    "fields": {
      "name": "Tennis Fun Event #54",
      "sport_type": "tennis",
      "description": "A friendly tennis event in Bogor. Come join and enjoy the game!",
      "city": "Bogor",
      "full_address": "Jl. Sport Center No.81, Bogor",
      "google_maps_link": null,
      "entry_price": "99489.19",
      "activities": "Canteen, Showers, Locker",
      "rating": "4.1",
      "photo": null,
      "status": "available",
      "organizer": "be539eb2-eb0e-4cd5-a560-0f2ad0b9a460",
      "created_at": "2025-09-17T07:28:02.717599",
      "updated_at": "2025-10-24T07:28:02.717602",
      "category": "Training"
    }
  },
  {
    "model": "Event.event",
    "pk": 55,
    "fields": {
      "name": "Basketball Fun Event #55",
      "sport_type": "basketball",
      "description": "A friendly basketball event in Bandung. Come join and enjoy the game!",
      "city": "Bandung",
      "full_address": "Jl. Sport Center No.76, Bandung",
      "google_maps_link": null,
      "entry_price": "202580.24",
      "activities": "Changing Room, Parking, First Aid",
      "rating": "4.53",
      "photo": null,
      "status": "available",
      "organizer": "d7de3b10-3eed-4eb1-bc2e-f0f63adfa08f",
      "created_at": "2025-08-30T07:28:02.717612",
      "updated_at": "2025-10-24T07:28:02.717615",
      "category": "Private Match"
    }
  },
  {
    "model": "Event.event",
    "pk": 56,
    "fields": {
      "name": "Futsal Fun Event #56",
      "sport_type": "futsal",
      "description": "A friendly futsal event in Depok. Come join and enjoy the game!",
      "city": "Depok",
      "full_address": "Jl. Sport Center No.86, Depok",
      "google_maps_link": null,
      "entry_price": "159311.24",
      "activities": "Lighting, Spectator Seats",
      "rating": "3.04",
      "photo": null,
      "status": "available",
      "organizer": "208dab4b-fb61-4236-9c02-43f165af7184",
      "created_at": "2025-10-24T07:28:02.717625",
      "updated_at": "2025-10-24T07:28:02.717628",
      "category": "Competition"
    }
  },
  {
    "model": "Event.event",
    "pk": 57,
    "fields": {
      "name": "Swimming Fun Event #57",
      "sport_type": "swimming",
      "description": "A friendly swimming event in Medan. Come join and enjoy the game!",
      "city": "Medan",
      "full_address": "Jl. Sport Center No.66, Medan",
      "google_maps_link": null,
      "entry_price": "224013.36",
      "activities": "Showers, Locker, Parking",
      "rating": "4.89",
      "photo": null,
      "status": "available",
      "organizer": "155e3ae7-c559-42b3-aaa6-6cf4713f84f0",
      "created_at": "2025-10-17T07:28:02.717638",
      "updated_at": "2025-10-24T07:28:02.717641",
      "category": "Competition"
    }
  },
  {
    "model": "Event.event",
    "pk": 58,
    "fields": {
      "name": "Swimming Fun Event #58",
      "sport_type": "swimming",
      "description": "A friendly swimming event in Jakarta. Come join and enjoy the game!",
      "city": "Jakarta",
      "full_address": "Jl. Sport Center No.35, Jakarta",
      "google_maps_link": null,
      "entry_price": "269654.91",
      "activities": "Changing Room, Parking, First Aid",
      "rating": "4.65",
      "photo": null,
      "status": "available",
      "organizer": "b16d65a0-12df-4205-94e8-211785f1f44f",
      "created_at": "2025-09-12T07:28:02.717651",
      "updated_at": "2025-10-24T07:28:02.717657",
      "category": "Competition"
    }
  },
  {
    "model": "Event.event",
    "pk": 59,
    "fields": {
      "name": "Swimming Fun Event #59",
      "sport_type": "swimming",
      "description": "A friendly swimming event in Bogor. Come join and enjoy the game!",
      "city": "Bogor",
      "full_address": "Jl. Sport Center No.63, Bogor",
      "google_maps_link": null,
      "entry_price": "365303.95",
      "activities": "Toilet, Changing Room, Parking",
      "rating": "3.13",
      "photo": null,
      "status": "available",
      "organizer": "b1cd0140-c9dd-4e32-82bd-5525c290b515",
      "created_at": "2025-09-19T07:28:02.717666",
      "updated_at": "2025-10-24T07:28:02.717669",
      "category": "Private Match"
    }
  },
  {
    "model": "Event.event",
    "pk": 60,
    "fields": {
      "name": "Futsal Fun Event #60",
      "sport_type": "futsal",
      "description": "A friendly futsal event in Jakarta. Come join and enjoy the game!",
      "city": "Jakarta",
      "full_address": "Jl. Sport Center No.98, Jakarta",
      "google_maps_link": null,
      "entry_price": "275309.54",
      "activities": "Canteen, Showers, Locker",
      "rating": "3.95",
      "photo": null,
      "status": "available",
      "organizer": "9db5cf83-f527-473a-8513-7fc5b7d871c4",
      "created_at": "2025-10-22T07:28:02.717679",
      "updated_at": "2025-10-24T07:28:02.717682",
      "category": "Training"
    }
  },
  {
    "model": "Event.event",
    "pk": 61,
    "fields": {
      "name": "Badminton Fun Event #61",
      "sport_type": "badminton",
      "description": "A friendly badminton event in Bogor. Come join and enjoy the game!",
      "city": "Bogor",
      "full_address": "Jl. Sport Center No.72, Bogor",
      "google_maps_link": null,
      "entry_price": "67693.87",
      "activities": "Changing Room, Parking, First Aid",
      "rating": "4.49",
      "photo": null,
      "status": "available",
      "organizer": "ae27e20d-7fff-4c00-a1ce-fbc3bc19bdea",
      "created_at": "2025-08-29T07:28:02.717692",
      "updated_at": "2025-10-24T07:28:02.717695",
      "category": "Community Event"
    }
  },
  {
    "model": "Event.event",
    "pk": 62,
    "fields": {
      "name": "Tennis Fun Event #62",
      "sport_type": "tennis",
      "description": "A friendly tennis event in Denpasar. Come join and enjoy the game!",
      "city": "Denpasar",
      "full_address": "Jl. Sport Center No.52, Denpasar",
      "google_maps_link": null,
      "entry_price": "288302.98",
      "activities": "Changing Room, Parking, First Aid",
      "rating": "3.69",
      "photo": null,
      "status": "available",
      "organizer": "498ff68b-61d6-471c-90be-c0fc7b881598",
      "created_at": "2025-09-21T07:28:02.717705",
      "updated_at": "2025-10-24T07:28:02.717708",
      "category": "Training"
    }
  },
  {
    "model": "Event.event",
    "pk": 63,
    "fields": {
      "name": "Tennis Fun Event #63",
      "sport_type": "tennis",
      "description": "A friendly tennis event in Bekasi. Come join and enjoy the game!",
      "city": "Bekasi",
      "full_address": "Jl. Sport Center No.34, Bekasi",
      "google_maps_link": null,
      "entry_price": "396379.12",
      "activities": "Toilet, Changing Room, Parking",
      "rating": "4.31",
      "photo": null,
      "status": "available",
      "organizer": "daebf1a6-4f9f-4e90-b11c-7da6ff98c6ee",
      "created_at": "2025-08-28T07:28:02.717719",
      "updated_at": "2025-10-24T07:28:02.717722",
      "category": "Charity"
    }
  },
  {
    "model": "Event.event",
    "pk": 64,
    "fields": {
      "name": "Soccer Fun Event #64",
      "sport_type": "soccer",
      "description": "A friendly soccer event in Jakarta. Come join and enjoy the game!",
      "city": "Jakarta",
      "full_address": "Jl. Sport Center No.32, Jakarta",
      "google_maps_link": null,
      "entry_price": "158082.79",
      "activities": "Lighting, Spectator Seats",
      "rating": "3.22",
      "photo": null,
      "status": "available",
      "organizer": "81425e76-5651-415e-bcdf-88e24bbfdc75",
      "created_at": "2025-10-13T07:28:02.717732",
      "updated_at": "2025-10-24T07:28:02.717735",
      "category": "Community Event"
    }
  },
  {
    "model": "Event.event",
    "pk": 65,
    "fields": {
      "name": "Table_Tennis Fun Event #65",
      "sport_type": "table_tennis",
      "description": "A friendly table_tennis event in Medan. Come join and enjoy the game!",
      "city": "Medan",
      "full_address": "Jl. Sport Center No.86, Medan",
      "google_maps_link": null,
      "entry_price": "486348.68",
      "activities": "Toilet, Changing Room, Parking",
      "rating": "3.11",
      "photo": null,
      "status": "available",
      "organizer": "7c873c74-18bf-42c4-9515-f12834eb51e8",
      "created_at": "2025-10-16T07:28:02.717745",
      "updated_at": "2025-10-24T07:28:02.717748",
      "category": "Training"
    }
  },
  {
    "model": "Event.event",
    "pk": 66,
    "fields": {
      "name": "Table_Tennis Fun Event #66",
      "sport_type": "table_tennis",
      "description": "A friendly table_tennis event in Denpasar. Come join and enjoy the game!",
      "city": "Denpasar",
      "full_address": "Jl. Sport Center No.32, Denpasar",
      "google_maps_link": null,
      "entry_price": "232348.71",
      "activities": "CCTV, Security, Drinks Stall",
      "rating": "3.57",
      "photo": null,
      "status": "available",
      "organizer": "1f68bd25-017f-4782-b203-3b760d837a3a",
      "created_at": "2025-09-12T07:28:02.717758",
      "updated_at": "2025-10-24T07:28:02.717762",
      "category": "Training"
    }
  },
  {
    "model": "Event.event",
    "pk": 67,
    "fields": {
      "name": "Basketball Fun Event #67",
      "sport_type": "basketball",
      "description": "A friendly basketball event in Bandung. Come join and enjoy the game!",
      "city": "Bandung",
      "full_address": "Jl. Sport Center No.18, Bandung",
      "google_maps_link": null,
      "entry_price": "301990.52",
      "activities": "Changing Room, Parking, First Aid",
      "rating": "3.76",
      "photo": null,
      "status": "unavailable",
      "organizer": "86cc918c-508d-4355-88ca-eb4a9c625b8d",
      "created_at": "2025-09-17T07:28:02.717772",
      "updated_at": "2025-10-24T07:28:02.717775",
      "category": "Community Event"
    }
  },
  {
    "model": "Event.event",
    "pk": 68,
    "fields": {
      "name": "Volleyball Fun Event #68",
      "sport_type": "volleyball",
      "description": "A friendly volleyball event in Denpasar. Come join and enjoy the game!",
      "city": "Denpasar",
      "full_address": "Jl. Sport Center No.8, Denpasar",
      "google_maps_link": null,
      "entry_price": "172057.56",
      "activities": "CCTV, Security, Drinks Stall",
      "rating": "3.7",
      "photo": null,
      "status": "available",
      "organizer": "cad91051-cb2a-44eb-bff2-c8882dd34b3d",
      "created_at": "2025-09-29T07:28:02.717785",
      "updated_at": "2025-10-24T07:28:02.717788",
      "category": "Charity"
    }
  },
  {
    "model": "Event.event",
    "pk": 69,
    "fields": {
      "name": "Table_Tennis Fun Event #69",
      "sport_type": "table_tennis",
      "description": "A friendly table_tennis event in Bogor. Come join and enjoy the game!",
      "city": "Bogor",
      "full_address": "Jl. Sport Center No.64, Bogor",
      "google_maps_link": null,
      "entry_price": "159002.16",
      "activities": "Lighting, Spectator Seats",
      "rating": "3.73",
      "photo": null,
      "status": "available",
      "organizer": "49ca7cba-0967-4552-897e-ca50ce40be2e",
      "created_at": "2025-09-30T07:28:02.717799",
      "updated_at": "2025-10-24T07:28:02.717802",
      "category": "Competition"
    }
  },
  {
    "model": "Event.event",
    "pk": 70,
    "fields": {
      "name": "Badminton Fun Event #70",
      "sport_type": "badminton",
      "description": "A friendly badminton event in Surabaya. Come join and enjoy the game!",
      "city": "Surabaya",
      "full_address": "Jl. Sport Center No.82, Surabaya",
      "google_maps_link": null,
      "entry_price": "349419.99",
      "activities": "Toilet, Changing Room, Parking",
      "rating": "3.48",
      "photo": null,
      "status": "available",
      "organizer": "e71c2fe8-3241-482a-966d-c64653619413",
      "created_at": "2025-09-06T07:28:02.717812",
      "updated_at": "2025-10-24T07:28:02.717815",
      "category": "Community Event"
    }
  },
  {
    "model": "Event.event",
    "pk": 71,
    "fields": {
      "name": "Swimming Fun Event #71",
      "sport_type": "swimming",
      "description": "A friendly swimming event in Bekasi. Come join and enjoy the game!",
      "city": "Bekasi",
      "full_address": "Jl. Sport Center No.25, Bekasi",
      "google_maps_link": null,
      "entry_price": "490436.03",
      "activities": "Lighting, Spectator Seats",
      "rating": "3.82",
      "photo": null,
      "status": "available",
      "organizer": "6e4dbae0-f323-404e-b43d-2dfbea6daaa6",
      "created_at": "2025-10-22T07:28:02.717825",
      "updated_at": "2025-10-24T07:28:02.717828",
      "category": "Charity"
    }
  },
  {
    "model": "Event.event",
    "pk": 72,
    "fields": {
      "name": "Soccer Fun Event #72",
      "sport_type": "soccer",
      "description": "A friendly soccer event in Surabaya. Come join and enjoy the game!",
      "city": "Surabaya",
      "full_address": "Jl. Sport Center No.84, Surabaya",
      "google_maps_link": null,
      "entry_price": "266397.16",
      "activities": "Showers, Locker, Parking",
      "rating": "3.61",
      "photo": null,
      "status": "available",
      "organizer": "6e4dbae0-f323-404e-b43d-2dfbea6daaa6",
      "created_at": "2025-10-02T07:28:02.717838",
      "updated_at": "2025-10-24T07:28:02.717842",
      "category": "Competition"
    }
  },
  {
    "model": "Event.event",
    "pk": 73,
    "fields": {
      "name": "Paddle Fun Event #73",
      "sport_type": "paddle",
      "description": "A friendly paddle event in Surabaya. Come join and enjoy the game!",
      "city": "Surabaya",
      "full_address": "Jl. Sport Center No.94, Surabaya",
      "google_maps_link": null,
      "entry_price": "351379.26",
      "activities": "Changing Room, Parking, First Aid",
      "rating": "3.01",
      "photo": null,
      "status": "unavailable",
      "organizer": "57cd45a5-35fd-4172-829c-034cbcbb8fb1",
      "created_at": "2025-10-22T07:28:02.717857",
      "updated_at": "2025-10-24T07:28:02.717863",
      "category": "Private Match"
    }
  },
  {
    "model": "Event.event",
    "pk": 74,
    "fields": {
      "name": "Paddle Fun Event #74",
      "sport_type": "paddle",
      "description": "A friendly paddle event in Denpasar. Come join and enjoy the game!",
      "city": "Denpasar",
      "full_address": "Jl. Sport Center No.57, Denpasar",
      "google_maps_link": null,
      "entry_price": "113959.6",
      "activities": "Showers, Locker, Parking",
      "rating": "3.09",
      "photo": null,
      "status": "available",
      "organizer": "440e0a90-63d1-411a-8772-9de511099a3c",
      "created_at": "2025-08-27T07:28:02.717885",
      "updated_at": "2025-10-24T07:28:02.717889",
      "category": "Private Match"
    }
  },
  {
    "model": "Event.event",
    "pk": 75,
    "fields": {
      "name": "Volleyball Fun Event #75",
      "sport_type": "volleyball",
      "description": "A friendly volleyball event in Bogor. Come join and enjoy the game!",
      "city": "Bogor",
      "full_address": "Jl. Sport Center No.47, Bogor",
      "google_maps_link": null,
      "entry_price": "370653.45",
      "activities": "CCTV, Security, Drinks Stall",
      "rating": "4.82",
      "photo": null,
      "status": "available",
      "organizer": "c5e93169-2084-4f3d-81ba-df4937a4a0b4",
      "created_at": "2025-08-30T07:28:02.717899",
      "updated_at": "2025-10-24T07:28:02.717902",
      "category": "Private Match"
    }
  },
  {
    "model": "Event.event",
    "pk": 76,
    "fields": {
      "name": "Soccer Fun Event #76",
      "sport_type": "soccer",
      "description": "A friendly soccer event in Bogor. Come join and enjoy the game!",
      "city": "Bogor",
      "full_address": "Jl. Sport Center No.4, Bogor",
      "google_maps_link": null,
      "entry_price": "74383.33",
      "activities": "Showers, Locker, Parking",
      "rating": "3.05",
      "photo": null,
      "status": "available",
      "organizer": "ddd774d7-6a4e-4ade-9486-1ef77a6b5704",
      "created_at": "2025-09-11T07:28:02.717912",
      "updated_at": "2025-10-24T07:28:02.717915",
      "category": "Private Match"
    }
  },
  {
    "model": "Event.event",
    "pk": 77,
    "fields": {
      "name": "Basketball Fun Event #77",
      "sport_type": "basketball",
      "description": "A friendly basketball event in Yogyakarta. Come join and enjoy the game!",
      "city": "Yogyakarta",
      "full_address": "Jl. Sport Center No.89, Yogyakarta",
      "google_maps_link": null,
      "entry_price": "433954.09",
      "activities": "CCTV, Security, Drinks Stall",
      "rating": "3.63",
      "photo": null,
      "status": "available",
      "organizer": "b1cd0140-c9dd-4e32-82bd-5525c290b515",
      "created_at": "2025-09-07T07:28:02.717926",
      "updated_at": "2025-10-24T07:28:02.717929",
      "category": "Training"
    }
  },
  {
    "model": "Event.event",
    "pk": 78,
    "fields": {
      "name": "Swimming Fun Event #78",
      "sport_type": "swimming",
      "description": "A friendly swimming event in Jakarta. Come join and enjoy the game!",
      "city": "Jakarta",
      "full_address": "Jl. Sport Center No.83, Jakarta",
      "google_maps_link": null,
      "entry_price": "97649.38",
      "activities": "Showers, Locker, Parking",
      "rating": "3.93",
      "photo": null,
      "status": "available",
      "organizer": "584a0357-685f-4b0c-a617-d23a2da84360",
      "created_at": "2025-10-23T07:28:02.717939",
      "updated_at": "2025-10-24T07:28:02.717942",
      "category": "Private Match"
    }
  },
  {
    "model": "Event.event",
    "pk": 79,
    "fields": {
      "name": "Table_Tennis Fun Event #79",
      "sport_type": "table_tennis",
      "description": "A friendly table_tennis event in Bandung. Come join and enjoy the game!",
      "city": "Bandung",
      "full_address": "Jl. Sport Center No.88, Bandung",
      "google_maps_link": null,
      "entry_price": "233529.23",
      "activities": "Canteen, Showers, Locker",
      "rating": "4.66",
      "photo": null,
      "status": "available",
      "organizer": "982ba35c-9ac4-4adb-9ae3-ab41c1defd53",
      "created_at": "2025-09-11T07:28:02.717952",
      "updated_at": "2025-10-24T07:28:02.717955",
      "category": "Community Event"
    }
  },
  {
    "model": "Event.event",
    "pk": 80,
    "fields": {
      "name": "Swimming Fun Event #80",
      "sport_type": "swimming",
      "description": "A friendly swimming event in Medan. Come join and enjoy the game!",
      "city": "Medan",
      "full_address": "Jl. Sport Center No.24, Medan",
      "google_maps_link": null,
      "entry_price": "496233.74",
      "activities": "Toilet, Changing Room, Parking",
      "rating": "3.47",
      "photo": null,
      "status": "available",
      "organizer": "e3d81f2c-dd47-4e6c-be88-3a627b70d831",
      "created_at": "2025-10-08T07:28:02.717965",
      "updated_at": "2025-10-24T07:28:02.717970",
      "category": "Charity"
    }
  },
  {
    "model": "Event.event",
    "pk": 81,
    "fields": {
      "name": "Table_Tennis Fun Event #81",
      "sport_type": "table_tennis",
      "description": "A friendly table_tennis event in Bandung. Come join and enjoy the game!",
      "city": "Bandung",
      "full_address": "Jl. Sport Center No.32, Bandung",
      "google_maps_link": null,
      "entry_price": "322776.77",
      "activities": "CCTV, Security, Drinks Stall",
      "rating": "3.97",
      "photo": null,
      "status": "available",
      "organizer": "2a74759f-28fc-4c3d-a3fb-47ffed1132d3",
      "created_at": "2025-09-04T07:28:02.717987",
      "updated_at": "2025-10-24T07:28:02.717992",
      "category": "Private Match"
    }
  },
  {
    "model": "Event.event",
    "pk": 82,
    "fields": {
      "name": "Volleyball Fun Event #82",
      "sport_type": "volleyball",
      "description": "A friendly volleyball event in Bekasi. Come join and enjoy the game!",
      "city": "Bekasi",
      "full_address": "Jl. Sport Center No.13, Bekasi",
      "google_maps_link": null,
      "entry_price": "54361.6",
      "activities": "Toilet, Changing Room, Parking",
      "rating": "4.05",
      "photo": null,
      "status": "available",
      "organizer": "dc9496d9-50c4-4ee8-8df6-def5e6b119ed",
      "created_at": "2025-09-03T07:28:02.718017",
      "updated_at": "2025-10-24T07:28:02.718023",
      "category": "Private Match"
    }
  },
  {
    "model": "Event.event",
    "pk": 83,
    "fields": {
      "name": "Soccer Fun Event #83",
      "sport_type": "soccer",
      "description": "A friendly soccer event in Bekasi. Come join and enjoy the game!",
      "city": "Bekasi",
      "full_address": "Jl. Sport Center No.73, Bekasi",
      "google_maps_link": null,
      "entry_price": "106413.7",
      "activities": "Changing Room, Parking, First Aid",
      "rating": "4.63",
      "photo": null,
      "status": "unavailable",
      "organizer": "5c68a2b9-f957-4527-92f3-ccb14c2561b7",
      "created_at": "2025-08-25T07:28:02.718045",
      "updated_at": "2025-10-24T07:28:02.718051",
      "category": "Private Match"
    }
  },
  {
    "model": "Event.event",
    "pk": 84,
    "fields": {
      "name": "Soccer Fun Event #84",
      "sport_type": "soccer",
      "description": "A friendly soccer event in Bekasi. Come join and enjoy the game!",
      "city": "Bekasi",
      "full_address": "Jl. Sport Center No.60, Bekasi",
      "google_maps_link": null,
      "entry_price": "402546.39",
      "activities": "Canteen, Showers, Locker",
      "rating": "4.36",
      "photo": null,
      "status": "available",
      "organizer": "943a399c-bda8-4298-a31c-11576eaf95ce",
      "created_at": "2025-08-27T07:28:02.718061",
      "updated_at": "2025-10-24T07:28:02.718064",
      "category": "Competition"
    }
  },
  {
    "model": "Event.event",
    "pk": 85,
    "fields": {
      "name": "Table_Tennis Fun Event #85",
      "sport_type": "table_tennis",
      "description": "A friendly table_tennis event in Surabaya. Come join and enjoy the game!",
      "city": "Surabaya",
      "full_address": "Jl. Sport Center No.87, Surabaya",
      "google_maps_link": null,
      "entry_price": "206193.8",
      "activities": "Lighting, Spectator Seats",
      "rating": "3.94",
      "photo": null,
      "status": "available",
      "organizer": "baaf776f-464f-414a-a68e-687821fe3382",
      "created_at": "2025-10-15T07:28:02.718074",
      "updated_at": "2025-10-24T07:28:02.718077",
      "category": "Competition"
    }
  },
  {
    "model": "Event.event",
    "pk": 86,
    "fields": {
      "name": "Soccer Fun Event #86",
      "sport_type": "soccer",
      "description": "A friendly soccer event in Surabaya. Come join and enjoy the game!",
      "city": "Surabaya",
      "full_address": "Jl. Sport Center No.60, Surabaya",
      "google_maps_link": null,
      "entry_price": "194633.77",
      "activities": "Canteen, Showers, Locker",
      "rating": "3.07",
      "photo": null,
      "status": "available",
      "organizer": "1f68bd25-017f-4782-b203-3b760d837a3a",
      "created_at": "2025-10-02T07:28:02.718086",
      "updated_at": "2025-10-24T07:28:02.718089",
      "category": "Competition"
    }
  },
  {
    "model": "Event.event",
    "pk": 87,
    "fields": {
      "name": "Soccer Fun Event #87",
      "sport_type": "soccer",
      "description": "A friendly soccer event in Surabaya. Come join and enjoy the game!",
      "city": "Surabaya",
      "full_address": "Jl. Sport Center No.68, Surabaya",
      "google_maps_link": null,
      "entry_price": "357324.81",
      "activities": "Canteen, Showers, Locker",
      "rating": "3.24",
      "photo": null,
      "status": "available",
      "organizer": "c5e93169-2084-4f3d-81ba-df4937a4a0b4",
      "created_at": "2025-10-11T07:28:02.718099",
      "updated_at": "2025-10-24T07:28:02.718103",
      "category": "Training"
    }
  },
  {
    "model": "Event.event",
    "pk": 88,
    "fields": {
      "name": "Tennis Fun Event #88",
      "sport_type": "tennis",
      "description": "A friendly tennis event in Bogor. Come join and enjoy the game!",
      "city": "Bogor",
      "full_address": "Jl. Sport Center No.35, Bogor",
      "google_maps_link": null,
      "entry_price": "406556.97",
      "activities": "Showers, Locker, Parking",
      "rating": "4.2",
      "photo": null,
      "status": "available",
      "organizer": "679c96ba-ef84-4570-8e02-11ca497ab995",
      "created_at": "2025-09-06T07:28:02.718113",
      "updated_at": "2025-10-24T07:28:02.718116",
      "category": "Charity"
    }
  },
  {
    "model": "Event.event",
    "pk": 89,
    "fields": {
      "name": "Table_Tennis Fun Event #89",
      "sport_type": "table_tennis",
      "description": "A friendly table_tennis event in Bandung. Come join and enjoy the game!",
      "city": "Bandung",
      "full_address": "Jl. Sport Center No.36, Bandung",
      "google_maps_link": null,
      "entry_price": "136634.45",
      "activities": "Canteen, Showers, Locker",
      "rating": "4.51",
      "photo": null,
      "status": "available",
      "organizer": "75d348c2-5fa8-4e74-9f61-cfc71854ab35",
      "created_at": "2025-09-14T07:28:02.718128",
      "updated_at": "2025-10-24T07:28:02.718134",
      "category": "Competition"
    }
  },
  {
    "model": "Event.event",
    "pk": 90,
    "fields": {
      "name": "Swimming Fun Event #90",
      "sport_type": "swimming",
      "description": "A friendly swimming event in Yogyakarta. Come join and enjoy the game!",
      "city": "Yogyakarta",
      "full_address": "Jl. Sport Center No.56, Yogyakarta",
      "google_maps_link": null,
      "entry_price": "176200.28",
      "activities": "Lighting, Spectator Seats",
      "rating": "3.92",
      "photo": null,
      "status": "available",
      "organizer": "f18636db-f82d-4450-bf92-bbdaa07fb767",
      "created_at": "2025-09-11T07:28:02.718151",
      "updated_at": "2025-10-24T07:28:02.718165",
      "category": "Community Event"
    }
  },
  {
    "model": "Event.event",
    "pk": 91,
    "fields": {
      "name": "Badminton Fun Event #91",
      "sport_type": "badminton",
      "description": "A friendly badminton event in Bandung. Come join and enjoy the game!",
      "city": "Bandung",
      "full_address": "Jl. Sport Center No.54, Bandung",
      "google_maps_link": null,
      "entry_price": "155321.84",
      "activities": "Lighting, Spectator Seats",
      "rating": "4.7",
      "photo": null,
      "status": "available",
      "organizer": "40cd1349-fa82-4505-a581-fee0b98045b7",
      "created_at": "2025-09-18T07:28:02.718176",
      "updated_at": "2025-10-24T07:28:02.718179",
      "category": "Community Event"
    }
  },
  {
    "model": "Event.event",
    "pk": 92,
    "fields": {
      "name": "Swimming Fun Event #92",
      "sport_type": "swimming",
      "description": "A friendly swimming event in Bogor. Come join and enjoy the game!",
      "city": "Bogor",
      "full_address": "Jl. Sport Center No.17, Bogor",
      "google_maps_link": null,
      "entry_price": "130481.8",
      "activities": "Lighting, Spectator Seats",
      "rating": "3.02",
      "photo": null,
      "status": "unavailable",
      "organizer": "cad91051-cb2a-44eb-bff2-c8882dd34b3d",
      "created_at": "2025-10-03T07:28:02.718189",
      "updated_at": "2025-10-24T07:28:02.718192",
      "category": "Charity"
    }
  },
  {
    "model": "Event.event",
    "pk": 93,
    "fields": {
      "name": "Basketball Fun Event #93",
      "sport_type": "basketball",
      "description": "A friendly basketball event in Bogor. Come join and enjoy the game!",
      "city": "Bogor",
      "full_address": "Jl. Sport Center No.84, Bogor",
      "google_maps_link": null,
      "entry_price": "396886.07",
      "activities": "Changing Room, Parking, First Aid",
      "rating": "3.5",
      "photo": null,
      "status": "available",
      "organizer": "81776ee5-7f57-45c5-af08-79401e46232e",
      "created_at": "2025-10-20T07:28:02.718202",
      "updated_at": "2025-10-24T07:28:02.718205",
      "category": "Charity"
    }
  },
  {
    "model": "Event.event",
    "pk": 94,
    "fields": {
      "name": "Basketball Fun Event #94",
      "sport_type": "basketball",
      "description": "A friendly basketball event in Bandung. Come join and enjoy the game!",
      "city": "Bandung",
      "full_address": "Jl. Sport Center No.20, Bandung",
      "google_maps_link": null,
      "entry_price": "270454.43",
      "activities": "Showers, Locker, Parking",
      "rating": "4.04",
      "photo": null,
      "status": "available",
      "organizer": "f002a650-5566-44f7-8ec2-d36664ac9b5e",
      "created_at": "2025-10-20T07:28:02.718216",
      "updated_at": "2025-10-24T07:28:02.718219",
      "category": "Competition"
    }
  },
  {
    "model": "Event.event",
    "pk": 95,
    "fields": {
      "name": "Tennis Fun Event #95",
      "sport_type": "tennis",
      "description": "A friendly tennis event in Bandung. Come join and enjoy the game!",
      "city": "Bandung",
      "full_address": "Jl. Sport Center No.98, Bandung",
      "google_maps_link": null,
      "entry_price": "70333.57",
      "activities": "Changing Room, Parking, First Aid",
      "rating": "3.67",
      "photo": null,
      "status": "available",
      "organizer": "943a399c-bda8-4298-a31c-11576eaf95ce",
      "created_at": "2025-10-06T07:28:02.718234",
      "updated_at": "2025-10-24T07:28:02.718240",
      "category": "Training"
    }
  },
  {
    "model": "Event.event",
    "pk": 96,
    "fields": {
      "name": "Tennis Fun Event #96",
      "sport_type": "tennis",
      "description": "A friendly tennis event in Bogor. Come join and enjoy the game!",
      "city": "Bogor",
      "full_address": "Jl. Sport Center No.82, Bogor",
      "google_maps_link": null,
      "entry_price": "253307.63",
      "activities": "Canteen, Showers, Locker",
      "rating": "4.8",
      "photo": null,
      "status": "available",
      "organizer": "99bfee5a-a205-4e1b-bfbc-f36d6fed8d24",
      "created_at": "2025-10-19T07:28:02.718259",
      "updated_at": "2025-10-24T07:28:02.718263",
      "category": "Training"
    }
  },
  {
    "model": "Event.event",
    "pk": 97,
    "fields": {
      "name": "Swimming Fun Event #97",
      "sport_type": "swimming",
      "description": "A friendly swimming event in Denpasar. Come join and enjoy the game!",
      "city": "Denpasar",
      "full_address": "Jl. Sport Center No.64, Denpasar",
      "google_maps_link": null,
      "entry_price": "239063.18",
      "activities": "Showers, Locker, Parking",
      "rating": "4.16",
      "photo": null,
      "status": "available",
      "organizer": "7c873c74-18bf-42c4-9515-f12834eb51e8",
      "created_at": "2025-09-13T07:28:02.718273",
      "updated_at": "2025-10-24T07:28:02.718276",
      "category": "Private Match"
    }
  },
  {
    "model": "Event.event",
    "pk": 98,
    "fields": {
      "name": "Volleyball Fun Event #98",
      "sport_type": "volleyball",
      "description": "A friendly volleyball event in Medan. Come join and enjoy the game!",
      "city": "Medan",
      "full_address": "Jl. Sport Center No.37, Medan",
      "google_maps_link": null,
      "entry_price": "268893.34",
      "activities": "Showers, Locker, Parking",
      "rating": "3.11",
      "photo": null,
      "status": "available",
      "organizer": "e75b3cd8-c298-45d3-8074-065914cf72d9",
      "created_at": "2025-09-20T07:28:02.718286",
      "updated_at": "2025-10-24T07:28:02.718290",
      "category": "Charity"
    }
  },
  {
    "model": "Event.event",
    "pk": 99,
    "fields": {
      "name": "Badminton Fun Event #99",
      "sport_type": "badminton",
      "description": "A friendly badminton event in Bandung. Come join and enjoy the game!",
      "city": "Bandung",
      "full_address": "Jl. Sport Center No.8, Bandung",
      "google_maps_link": null,
      "entry_price": "164585.18",
      "activities": "Lighting, Spectator Seats",
      "rating": "4.26",
      "photo": null,
      "status": "available",
      "organizer": "8c59104f-448a-496b-8d72-b6c3870b950e",
      "created_at": "2025-09-30T07:28:02.718307",
      "updated_at": "2025-10-24T07:28:02.718320",
      "category": "Charity"
    }
  },
  {
    "model": "Event.event",
    "pk": 100,
    "fields": {
      "name": "Futsal Fun Event #100",
      "sport_type": "futsal",
      "description": "A friendly futsal event in Medan. Come join and enjoy the game!",
      "city": "Medan",
      "full_address": "Jl. Sport Center No.36, Medan",
      "google_maps_link": null,
      "entry_price": "105576.19",
      "activities": "Toilet, Changing Room, Parking",
      "rating": "4.11",
      "photo": null,
      "status": "available",
      "organizer": "b4160e6f-47a6-4594-9393-54b11329b3e2",
      "created_at": "2025-10-20T07:28:02.718330",
      "updated_at": "2025-10-24T07:28:02.718334",
      "category": "Private Match"
    }
  }
]